id,file,series,title,duration_s,hook,neuro,tiktok_caption,tiktok_hashtags,youtube_title,youtube_description,youtube_hashtags,instagram_caption,instagram_hashtags,pinned_comment
051,051-precisa-pc-ligado.mp4,F03 Mito ou Verdade?,Mito ou verdade: precisa deixar o PC ligado?,19.2,MITO OU VERDADE? PRECISA DEIXAR O PC LIGADO?,"curiosity-gap, commitment-guess, objection-handling, anticipation-drop, schema-violation, social-proof, loop","Mito ou verdade: precisa deixar o PC ligado pro bot farmar? 🤔 Chuta antes do carimbo! (Mito: o KizuBot roda na nuvem 24/7, com o PC desligado.) Link na bio.",#pokexgames #pxg #kizubot #mitoouverdade #afk,Mito ou verdade: precisa deixar o PC ligado? #pxg,"Precisa deixar o PC ligado pro bot farmar? MITO. O KizuBot roda na nuvem 24/7: você desliga o PC e o char continua na hunt, com tudo acompanhado pelo celular. Print real de cliente no vídeo. kizubot.com",#shorts #pokexgames #pxg #kizubot,"Mito ou verdade: precisa deixar o PC ligado? 🤔 Pausa e chuta antes do carimbo. O KizuBot roda na nuvem, 24/7 — PC desligado, farm ligado. Link na bio.",#pokexgames #pxg #kizubot #mitoouverdade,Você chutou MITO ou VERDADE? 👀
052,052-controla-pelo-celular.mp4,F03 Mito ou Verdade?,Mito ou verdade: dá pra controlar pelo celular?,19.2,MITO OU VERDADE? DÁ PRA CONTROLAR PELO CELULAR?,"curiosity-gap, commitment-guess, objection-handling, anticipation-drop, picture-superiority, social-proof",Mito ou verdade: dá pra controlar o bot pelo celular? 📱 Chuta antes do carimbo! (Verdade: o painel do KizuBot abre no celular e até instala como app.) Link na bio.,#pokexgames #pxg #kizubot #mitoouverdade #celular,Mito ou verdade: dá pra controlar o bot pelo celular? #pxg,"Dá pra controlar pelo celular? VERDADE. O painel do KizuBot funciona no celular, com botões grandes, e instala como app no celular ou no PC. Print real de cliente no vídeo. kizubot.com",#shorts #pokexgames #pxg #kizubot,Mito ou verdade: dá pra controlar pelo celular? 📱 O painel do KizuBot cabe no bolso — e instala como app. Link na bio.,#pokexgames #pxg #kizubot #mitoouverdade,Você joga mais no PC ou no celular?
053,053-dificil-configurar.mp4,F03 Mito ou Verdade?,Mito ou verdade: é difícil de configurar?,21.167,MITO OU VERDADE? É DIFÍCIL DE CONFIGURAR?,"curiosity-gap, commitment-guess, objection-handling, social-proof, ikea-effect, anticipation-drop",Mito ou verdade: bot é difícil de configurar? ⚙️ Chuta antes do carimbo! Prints reais de clientes diferentes + o caminho guiado do painel novo. Link na bio.,#pokexgames #pxg #kizubot #mitoouverdade #bot,Mito ou verdade: é difícil configurar o bot? #pxg,"É difícil de configurar? MITO, segundo os próprios clientes (prints reais de clientes diferentes). O painel novo do KizuBot tem caminho guiado para iniciante e o suporte te ajuda a configurar. kizubot.com",#shorts #pokexgames #pxg #kizubot,Mito ou verdade: é difícil de configurar? ⚙️ Três clientes respondem (prints reais) + caminho guiado pra iniciante e suporte que ajuda. Link na bio.,#pokexgames #pxg #kizubot #mitoouverdade,Já desistiu de algum bot por ser difícil? 😅
054,054-avisa-shiny.mp4,F03 Mito ou Verdade?,Mito ou verdade: ele te avisa quando nasce shiny?,19.2,MITO OU VERDADE? ELE TE AVISA QUANDO NASCE SHINY?,"curiosity-gap, commitment-guess, anticipation-drop, variable-reward, pavlovian-sound, social-proof",Mito ou verdade: o bot te avisa quando nasce shiny? ✨ Chuta antes do carimbo! (Verdade: alarme no zap — e chega até no relógio.) Link na bio.,#pokexgames #pxg #kizubot #shiny #mitoouverdade,Mito ou verdade: o bot avisa quando nasce shiny? #pxg,"Ele te avisa quando nasce shiny? VERDADE. O KizuBot detecta shiny, mega e boss e manda alarme no WhatsApp ou Telegram — chega até no relógio. Prints reais de clientes no vídeo. kizubot.com",#shorts #pokexgames #pxg #kizubot #shiny,Mito ou verdade: ele te avisa quando nasce shiny? ✨ Shiny nasceu? O zap avisa. Link na bio.,#pokexgames #pxg #kizubot #shiny,Qual alarme você mais queria receber?
055,055-joga-igual-robo.mp4,F03 Mito ou Verdade?,Mito ou verdade: ele joga igual robô?,19.2,MITO OU VERDADE? ELE JOGA IGUAL ROBÔ?,"curiosity-gap, commitment-guess, objection-handling, contrast, social-proof, anticipation-drop",Mito ou verdade: bot joga igual robô? 🤖 Chuta antes do carimbo! (Mito: a Humanização do KizuBot varia pausas e ritmo.) Link na bio.,#pokexgames #pxg #kizubot #mitoouverdade #afk,Mito ou verdade: o bot joga igual robô? #pxg,"Ele joga igual robô? MITO. O sistema de Humanização do KizuBot varia pausas e ritmo, com comportamento humano. Print real de cliente no vídeo. kizubot.com",#shorts #pokexgames #pxg #kizubot,Mito ou verdade: ele joga igual robô? 🤖 Humanização: pausas e ritmo variáveis. Link na bio.,#pokexgames #pxg #kizubot #mitoouverdade,Bot que parece player: é ou não é o sonho? 😂
056,056-16h42.mp4,F04 Espera o Alarme,16:42. O celular vibrou.,20.5,16:42. O CELULAR VIBROU.,"anticipation, reward-prediction-error, curiosity-gap, sonic-conditioning, precise-number, real-proof, peak-end, comment-prompt",16:42. O celular vibrou. Era só mais uma notificação… ou não? 👀 Shiny Cubone detectado e capturado no mesmo minuto (print real de cliente). Link na bio.,#pokexgames #pxg #kizubot #shiny #afk,16:42. O celular vibrou… e era shiny (print real),"16:42: o celular vibra com um alarme do KizuBot. Era um shiny Cubone, detectado e capturado no mesmo minuto (print real de cliente). O KizuBot detecta shiny, mega e boss e avisa no seu WhatsApp. kizubot.com",#shorts #pokexgames #pxg #kizubot,16:42. O celular vibrou. 👀 Shiny Cubone detectado e capturado no mesmo minuto (print real de cliente). O KizuBot avisa no zap. Link na bio.,#pokexgames #pxg #kizubot #shiny,Qual shiny você queria que cantasse aí? 👇
057,057-7-alarmes.mp4,F04 Espera o Alarme,7 alarmes em 29 minutos,19.9,7 ALARMES EM 29 MINUTOS.,"anticipation, variable-reward, counting, precise-number, curiosity-gap, real-proof, self-reference, comment-prompt","7 alarmes em 29 minutos: 5 de shiny, 1 drop raro e 1 captura, tudo no celular (print real de cliente). E ele só: “vou la conferir” 👀 Link na bio.",#pokexgames #pxg #kizubot #shiny #alarme,7 alarmes em 29 minutos (print real de cliente),"16:08 até 16:37: 7 alarmes do KizuBot, com 5 shinies detectados, 1 drop raro e 1 captura (print real de cliente). Você não precisa ficar olhando: o alarme chega no seu celular. kizubot.com",#shorts #pokexgames #pxg #kizubot,"7 alarmes em 29 minutos. 📳 5 de shiny, 1 drop raro, 1 captura (print real de cliente). Você não precisa ficar olhando. Link na bio.",#pokexgames #pxg #kizubot #shiny,7 em 29 minutos… qual foi o seu recorde?
058,058-13h36-boss.mp4,F04 Espera o Alarme,13:36. Alarme de boss.,19.0,13:36. ALARME DE BOSS.,"anticipation, curiosity-gap, variable-reward, precise-number, real-proof, emotional-contagion, game-ui-familiarity, comment-prompt","13:36. Alarme de boss. Qual boss? E o drop? 💥 Boss Metagross + Tech Ball, Ironhard Backpack e Metal Coat, tudo às 13:36 (print real de cliente). Link na bio.",#pokexgames #pxg #kizubot #boss #drop,13:36. Alarme de boss… e o drop estourou (print real),"13:36: o alarme do KizuBot avisa: bossDetected. Era o boss Metagross, com 3 drops raros no mesmo minuto (Tech Ball, Ironhard Backpack, Metal Coat). Print real de cliente. O KizuBot detecta boss, shiny e mega e avisa na hora. kizubot.com",#shorts #pokexgames #pxg #kizubot,13:36. Alarme de boss. ⌚ Boss Metagross e 3 drops raros no mesmo minuto (print real de cliente). O alarme toca na hora. Link na bio.,#pokexgames #pxg #kizubot #boss,Já estourou um boss assim? 💥
059,059-oito-megas.mp4,F04 Espera o Alarme,Oito alarmes de mega seguidos…,20.0,OITO ALARMES DE MEGA SEGUIDOS…,"anticipation, humor-benign-violation, expectation-subversion, precise-number, real-proof, self-reference, comment-prompt","Oito alarmes de mega seguidos às 00:17… “Vc pensa Nossa dropei. Quando vai vê, dropo foi Metal Stone kkkkkk” 😂 (print real de cliente) Link na bio.",#pokexgames #pxg #kizubot #mega #humor,Oito alarmes de mega seguidos… e o drop foi Metal Stone 😂,"00:17 e 00:18: oito alarmes megaDetected do KizuBot, um atrás do outro. A legenda do cliente: “Vc pensa Nossa dropei. Quando vai vê, dropo foi Metal Stone kkkkkk”. Print real de cliente. O KizuBot detecta mega, shiny e boss e avisa no celular. kizubot.com",#shorts #pokexgames #pxg #kizubot,Oito alarmes de mega seguidos… e o drop foi Metal Stone 😂 Print real de cliente. Já passou por isso? Link na bio.,#pokexgames #pxg #kizubot #mega,Já passou por isso? 😂
060,060-notificacao-captura.mp4,F04 Espera o Alarme,Primeiro a notificação. Depois…,17.0,PRIMEIRO A NOTIFICAÇÃO. DEPOIS…,"anticipation, sonic-conditioning, two-act-reveal, curiosity-gap, real-proof, loop-bridge, comment-prompt","Primeiro a notificação. Depois… o shiny. ✨ Shiny Rapidash: a notificação e a captura, no print real de cliente. Link na bio.",#pokexgames #pxg #kizubot #shiny #rapidash,Primeiro a notificação. Depois… o shiny (print real),"13:03: primeiro chega a notificação do KizuBot, depois a captura: Shiny Rapidash (print real de cliente, em dois atos: “A notificação” e “A captura”). O KizuBot detecta shiny e avisa no seu celular. kizubot.com",#shorts #pokexgames #pxg #kizubot,Primeiro a notificação. Depois… o shiny. ✨ Shiny Rapidash no print real de cliente. Nota de 0 a 10? Link na bio.,#pokexgames #pxg #kizubot #shiny,Rapidash shiny: nota de 0 a 10? 🔥
071,071-ninguem-eu-4h.mp4,F07 Só Quem Joga PxG Entende,Ninguém: / Eu às 4h da manhã,20.333,NINGUÉM: / EU ÀS 4H FARMANDO NA MÃO:,"in-group-identity, benign-violation-humor, pattern-interrupt, curiosity-gap, social-proof, peak-end, comment-prompt",Ninguém: Eu às 4h farmando na mão até o server save 💀 Quem usa KizuBot tá deitado enquanto o bot acha boss. Quem aí já farmou de madrugada? Link na bio.,#pokexgames #pxg #kizubot #meme #afk,Ninguém: / Eu às 4h da manhã farmando na mão no PxG 💀,"Ninguém: Eu às 4h farmando na mão até o server save das 7h40. Quem usa KizuBot: deitado, enquanto o bot acha boss (print real de cliente: boss Rhyperior às 02:02). 100% AFK, com o PC desligado. kizubot.com",#shorts #pokexgames #pxg #kizubot,Ninguém: Eu às 4h da manhã farmando na mão 💀 Quem usa KizuBot tá deitado e o bot trabalhando. Quem aí já farmou de madrugada? Link na bio.,#pokexgames #pxg #kizubot #memes,Quem aí já farmou de madrugada? 😂
072,072-antigamente-x-hoje.mp4,F07 Só Quem Joga PxG Entende,Antigamente no PxG x hoje,19.4,ANTIGAMENTE NO PXG:,"nostalgia, in-group-identity, contrast, social-proof, loop, comment-prompt","Antigamente no PxG: farmar mato na mão, perder shiny por 1 segundo, dormir na cadeira 👴 Hoje: PC desligado e alarme no WhatsApp. Desde quando você joga PxG? Link na bio.",#pokexgames #pxg #kizubot #nostalgia #afk,Antigamente no PxG x hoje 👴 (quem é das antigas entende),"Antigamente no PxG: farmar mato na mão, perder shiny por 1 segundo e dormir na cadeira. Hoje: PC desligado, alarme no WhatsApp e o char farmando enquanto você dorme. Print real de cliente das antigas: ""Hoje pra essa galera nova ficou mamão com açúcar"". kizubot.com",#shorts #pokexgames #pxg #kizubot,Antigamente no PxG x hoje 👴 Quem é das antigas lembra. Desde quando você joga PxG? Link na bio.,#pokexgames #pxg #kizubot #nostalgia,Desde quando você joga PxG? 👴
073,073-so-mais-uma-hunt.mp4,F07 Só Quem Joga PxG Entende,"""Só mais uma hunt.""",19.4,“SÓ MAIS UMA HUNT.”,"in-group-identity, benign-violation-humor, contrast, future-pacing, social-proof, comment-prompt","""Só mais uma hunt."" 22h... 5h30 🧟 Ou você vai dormir e o char continua. Que horas foi sua última hunt? Link na bio.",#pokexgames #pxg #kizubot #meme #afk,"""Só mais uma hunt."" (expectativa x realidade no PxG) 🧟","Expectativa: só mais uma hunt e dormir às 22h30. Realidade: 5h30 da manhã e o despertador tocando. Ou você vai dormir e o char continua: 100% AFK, com o PC desligado. Print real de cliente: curtindo a família enquanto o bot caça. kizubot.com",#shorts #pokexgames #pxg #kizubot,"""Só mais uma hunt."" Expectativa: 22h30. Realidade: 5h30 🧟 Que horas foi sua última hunt? Link na bio.",#pokexgames #pxg #kizubot #memes,Que horas você já foi dormir por causa do PxG? 🕔
074,074-tipos-de-jogador.mp4,F07 Só Quem Joga PxG Entende,Os 4 tipos de jogador de PxG,17.567,OS 4 TIPOS DE JOGADOR DE PXG:,"in-group-identity, self-reference, open-loop, benign-violation-humor, social-proof, comment-prompt",Os 4 tipos de jogador de PxG 👇 1) farma mato na mão 2) perde shiny por 1 segundo 3) esquece de dormir 4) tá na praia. Qual número é você? Link na bio.,#pokexgames #pxg #kizubot #meme #tiposdejogador,Os 4 tipos de jogador de PxG (o 4 tá na praia) 🏖️,"Os 4 tipos de jogador de PxG: o que farma mato na mão, o que perde shiny por 1 segundo, o que esquece de dormir e o que tá na praia enquanto o bot farma (print real de cliente: ""Enquanto bot moie / Eu tô na praia kkkk""). kizubot.com",#shorts #pokexgames #pxg #kizubot,Os 4 tipos de jogador de PxG. O número 4 tá na praia 🏖️ Qual número é você? Link na bio.,#pokexgames #pxg #kizubot #memes,Qual número é você? 👇
075,075-quando-o-alarme-toca.mp4,F07 Só Quem Joga PxG Entende,Quando o alarme do KizuBot toca:,17.567,QUANDO O ALARME DO KIZUBOT TOCA:,"in-group-identity, emotional-contagion, social-proof, variable-reward, sonic-branding, comment-prompt","Quando o alarme do KizuBot toca: MANO MANO 😂 Reações reais de clientes quando o shiny, o boss e o drop raro aparecem. Qual seria sua reação? Link na bio.",#pokexgames #pxg #kizubot #shiny #reacao,Quando o alarme do KizuBot toca: (reações reais) 🔔,"Reações reais de clientes quando o alarme do KizuBot toca: MANO MANO (shiny Venusaur), carai/estourou (boss Metagross e Metal Coat), cantou big (shiny Cubone), kkkk (shiny Feraligatr vendo filme com a esposa) e que chique (12335 itens dropados). Prints reais de clientes diferentes. kizubot.com",#shorts #pokexgames #pxg #kizubot,Quando o alarme do KizuBot toca: 🔔 Reações reais de clientes diferentes. Qual seria a sua reação? Link na bio.,#pokexgames #pxg #kizubot #shiny,Qual é a sua reação quando o alarme toca? 🔔
076,076-seu-char-ligando.mp4,F08 Ligação Recebida,Seu char está ligando…,18.9,SEU CHAR TÁ LIGANDO…,"pattern-interrupt, sonic-branding, curiosity-gap, humor, social-proof, anticipation-drop, peak-end, comment-prompt","Seu char tá ligando… 📞 Atende: ele tá caçando sozinho, você pode voltar a dormir. Ah… e apareceu um shiny ✨ Você atenderia? Link na bio.",#pokexgames #pxg #kizubot #shiny #afk,Seu char está ligando… (e apareceu um shiny),"Seu char liga pra avisar: tá caçando sozinho, 100% AFK, e apareceu um shiny. Print real de cliente no server novo. O KizuBot caça, captura e avisa no celular enquanto você dorme. kizubot.com",#shorts #pokexgames #pxg #kizubot,Seu char tá ligando… 📞 Ele tá caçando sozinho e apareceu um shiny ✨ Você atenderia? Link na bio.,#pokexgames #pxg #kizubot #shiny,Você atenderia? 📞
077,077-chamada-perdida-shiny.mp4,F08 Ligação Recebida,1 chamada perdida: SHINY,17.333,SHINY — 1 CHAMADA PERDIDA.,"pattern-interrupt, loss-aversion, contrast, social-proof, precise-number, anticipation-drop, peak-end, comment-prompt","1 chamada perdida: SHINY 😭 Sem alarme, você descobre tarde demais. Com KizuBot o zap avisa na hora — print real: detectou e capturou às 16:42. Já perdeu algum shiny assim? Link na bio.",#pokexgames #pxg #kizubot #shiny #afk,1 chamada perdida: SHINY (com KizuBot nem precisa atender),"Sem alarme, o shiny some antes de você ver. Com o KizuBot, o alarme chega no WhatsApp na hora: shiny detectado às 16:42 e capturado às 16:42 (print real de cliente). kizubot.com",#shorts #pokexgames #pxg #kizubot,1 chamada perdida: SHINY 😭 Com KizuBot o alarme chega no WhatsApp na hora — e ele ainda captura. Já perdeu algum shiny assim? Link na bio.,#pokexgames #pxg #kizubot #shiny,Já perdeu algum shiny assim? 😭
078,078-mensagem-de-voz.mp4,F08 Ligação Recebida,Mensagem de voz do seu bot,14.3,MENSAGEM DE VOZ: KIZUBOT (0:12),"pattern-interrupt, sonic-branding, curiosity-gap, social-proof, precise-number, visible-progress, comment-prompt",Mensagem de voz do seu bot 🎧 Relatório da hunt: 12.335 itens dropados (alarme real de cliente). Direto no zap. Que relatório você queria receber? Link na bio.,#pokexgames #pxg #kizubot #loot #afk,Mensagem de voz do seu bot: 12.335 itens no relatório,"Alarme real de cliente no WhatsApp: Total dropped items 12.335 — Screw 11.616, Electric Box 542 e mais. O KizuBot farma 100% AFK e manda o relatório direto no zap. kizubot.com",#shorts #pokexgames #pxg #kizubot,"Mensagem de voz do seu bot 🎧 12.335 itens no relatório da hunt, direto no zap. Que relatório você queria receber? Link na bio.",#pokexgames #pxg #kizubot #loot,Que relatório você queria acordar recebendo? 📩
079,079-videochamada.mp4,F08 Ligação Recebida,Videochamada com a sua hunt,13.167,VIDEOCHAMADA: SUA HUNT.,"pattern-interrupt, sonic-branding, self-reference, picture-superiority, anticipation-drop, comment-prompt",Videochamada com a sua hunt 📹 Dá pra acompanhar pelo celular. Gameplay real do KizuBot. Você ficaria assistindo? Link na bio.,#pokexgames #pxg #kizubot #hunt #afk,Videochamada: sua hunt pelo celular 📹,Quer ver sua hunt? Com o KizuBot dá pra acompanhar tudo pelo celular. Gameplay real do KizuBot no PokeXGames. kizubot.com,#shorts #pokexgames #pxg #kizubot,Videochamada: sua hunt 📹 Dá pra acompanhar pelo celular. Você ficaria assistindo? Link na bio.,#pokexgames #pxg #kizubot #hunt,Você ficaria assistindo a hunt? 👀
080,080-despertador-shiny.mp4,F08 Ligação Recebida,Despertador: 03:00 — SHINY,14.5,03:00 — SHINY,"pattern-interrupt, sonic-branding, humor, social-proof, anticipation-drop, peak-end, comment-prompt",Despertador 03:00: SHINY ⏰ Soneca? Não precisa: ele já capturou. Print real: 'pena que n vi piscar… tava afk'. Ele tava AFK. O bot não. Você levantaria às 3h por um shiny? Link na bio.,#pokexgames #pxg #kizubot #shiny #afk,"Despertador 03:00: SHINY ⏰ (ele tava AFK, o bot não)",Levantar às 3h pra caçar shiny? Não precisa. Print real de cliente: Shiny Muk na conta e 'tava afk'. O KizuBot detecta e captura shiny 100% AFK. kizubot.com,#shorts #pokexgames #pxg #kizubot,Despertador 03:00: SHINY ⏰ Ele tava AFK. O bot não. Você levantaria às 3h por um shiny? Link na bio.,#pokexgames #pxg #kizubot #shiny,Você levantaria às 3h por um shiny? ⏰
